"date","state","dataQualityGrade","death","deathConfirmed","deathIncrease","deathProbable","hospitalized","hospitalizedCumulative","hospitalizedCurrently","hospitalizedIncrease","inIcuCumulative","inIcuCurrently","negative","negativeIncrease","negativeTestsAntibody","negativeTestsPeopleAntibody","negativeTestsViral","onVentilatorCumulative","onVentilatorCurrently","positive","positiveCasesViral","positiveIncrease","positiveScore","positiveTestsAntibody","positiveTestsAntigen","positiveTestsPeopleAntibody","positiveTestsPeopleAntigen","positiveTestsViral","recovered","totalTestEncountersViral","totalTestEncountersViralIncrease","totalTestResults","totalTestResultsIncrease","totalTestsAntibody","totalTestsAntigen","totalTestsPeopleAntibody","totalTestsPeopleAntigen","totalTestsPeopleViral","totalTestsPeopleViralIncrease","totalTestsViral","totalTestsViralIncrease"
"2020-12-15","IL","A",15587,14509,132,1078,,,4965,0,,1057,11098533,85563,,,,,598,863477,447491,7359,0,,,,,,,,0,11962010,92922,,,,,,0,11962010,92922
"2020-12-14","IL","A",15455,14394,116,1061,,,4951,0,,1070,11012970,85042,,,,,621,856118,447491,7214,0,,,,,,,,0,11869088,92256,,,,,,0,11869088,92256
"2020-12-13","IL","A",15339,14291,107,1048,,,5073,0,,1080,10927928,56432,,,,,612,848904,447491,7216,0,,,,,,,,0,11776832,63648,,,,,,0,11776832,63648
"2020-12-12","IL","A",15232,14176,165,1056,,,5048,0,,1072,10871496,118151,,,,,627,841688,447491,8737,0,,,,,,,,0,11713184,126888,,,,,,0,11713184,126888
"2020-12-11","IL","A",15067,14050,222,1017,,,5141,0,,1081,10753345,95028,,,,,635,832951,447491,9420,0,,,,,,,,0,11586296,104448,,,,,,0,11586296,104448
"2020-12-10","IL","A",14845,13861,232,984,,,5138,0,,1081,10658317,103402,,,,,606,823531,447491,11101,0,,,,,,,,0,11481848,114503,,,,,,0,11481848,114503
"2020-12-09","IL","A",14613,13666,229,947,,,5284,0,,1176,10554915,84481,,,,,647,812430,447491,8256,0,,,,,,,,0,11367345,92737,,,,,,0,11367345,92737
"2020-12-08","IL","A",14384,13487,168,897,,,5199,0,,1071,10470434,87915,,,,,626,804174,447491,7910,0,,,,,,,,0,11274608,95825,,,,,,0,11274608,95825
"2020-12-07","IL","A",14216,13343,100,873,,,5190,0,,1123,10382519,68878,,,,,648,796264,447491,8691,0,,,,,,,,0,11178783,77569,,,,,,0,11178783,77569
"2020-12-06","IL","A",14116,13255,99,861,,,5160,0,,1103,10313641,71940,,,,,643,787573,447491,7598,0,,,,,,,,0,11101214,79538,,,,,,0,11101214,79538
"2020-12-05","IL","A",14017,13179,235,838,,,5331,0,,1134,10241701,92791,,,,,694,779975,447491,9887,0,,,,,,,,0,11021676,102678,,,,,,0,11021676,102678
"2020-12-04","IL","A",13782,12974,157,808,,,5453,0,,1153,10148910,102108,,,,,703,770088,447491,10526,0,,,,,,,,0,10918998,112634,,,,,,0,10918998,112634
"2020-12-03","IL","A",13625,12830,228,795,,,5653,0,,1170,10046802,95819,,,,,693,759562,447491,10959,0,,,,,,,,0,10806364,106778,,,,,,0,10806364,106778
"2020-12-02","IL","A",13397,12639,266,758,,,5764,0,,1190,9950983,75750,,,,,714,748603,447491,9757,0,,,,,,,,0,10699586,85507,,,,,,0,10699586,85507
"2020-12-01","IL","A",13131,12403,146,728,,,5835,0,,1195,9875233,103539,,,,,721,738846,447491,12542,0,,,,,,,,0,10614079,116081,,,,,,0,10614079,116081
"2020-11-30","IL","A",12985,12278,103,707,,,5849,0,,1217,9771694,60790,,,,,715,726304,447491,6190,0,,,,,,,,0,10497998,66980,,,,,,0,10497998,66980
"2020-11-29","IL","A",12882,12193,44,689,,,5858,0,,1185,9710904,55562,,,,,723,720114,447491,7178,0,,,,,,,,0,10431018,62740,,,,,,0,10431018,62740
"2020-11-28","IL","A",12838,12137,152,701,,,5775,0,,1211,9655342,71182,,,,,686,712936,447491,7873,0,,,,,,,,0,10368278,79055,,,,,,0,10368278,79055
"2020-11-27","IL","A",12686,12029,90,657,,,5829,0,,1215,9584160,69556,,,,,698,705063,447491,7574,0,,,,,,,,0,10289223,77130,,,,,,0,10289223,77130
"2020-11-26","IL","A",12596,11963,156,633,,,6032,0,,1224,9514604,95534,,,,,724,697489,447491,12022,0,,,,,,,,0,10212093,107556,,,,,,0,10212093,107556
"2020-11-25","IL","A",12440,11832,178,608,,,6133,0,,1208,9419070,102855,,,,,679,685467,447491,11378,0,,,,,,,,0,10104537,114233,,,,,,0,10104537,114233
"2020-11-24","IL","A",12262,11677,150,585,,,6134,0,,1203,9316215,87854,,,,,668,674089,447491,9469,0,,,,,,,,0,9990304,97323,,,,,,0,9990304,97323
"2020-11-23","IL","A",12112,11552,61,560,,,6171,0,,1206,9228361,83240,,,,,635,664620,447491,8322,0,,,,,,,,0,9892981,91562,,,,,,0,9892981,91562
"2020-11-22","IL","A",12051,11506,99,545,,,6072,0,,1179,9145121,82425,,,,,589,656298,447491,10012,0,,,,,,,,0,9801419,92437,,,,,,0,9801419,92437
"2020-11-21","IL","A",11952,11430,157,522,,,6175,0,,1173,9062696,108393,,,,,595,646286,447491,11891,0,,,,,,,,0,9708982,120284,,,,,,0,9708982,120284
"2020-11-20","IL","A",11795,11304,147,491,,,6111,0,,1196,8954303,103012,,,,,604,634395,447491,13012,0,,,,,,,,0,9588698,116024,,,,,,0,9588698,116024
"2020-11-19","IL","A",11648,11178,180,470,,,6037,0,,1192,8851291,98835,,,,,587,621383,447491,14612,0,,,,,,,,0,9472674,113447,,,,,,0,9472674,113447
"2020-11-18","IL","A",11468,11014,151,454,,,5953,0,,1146,8752456,94647,,,,,547,606771,447491,8922,0,,,,,,,,0,9359227,103569,,,,,,0,9359227,103569
"2020-11-17","IL","A",11317,10875,113,442,,,5887,0,,1158,8657809,81604,,,,,545,597849,447491,12601,0,,,,,,,,0,9255658,94205,,,,,,0,9255658,94205
"2020-11-16","IL","A",11204,10779,42,425,,,5581,0,,1144,8576205,78980,,,,,514,585248,447491,11632,0,,,,,,,,0,9161453,90612,,,,,,0,9161453,90612
"2020-11-15","IL","A",11162,10742,74,420,,,5474,0,,1045,8497225,74200,,,,,490,573616,447491,10631,0,,,,,,,,0,9070841,84831,,,,,,0,9070841,84831
"2020-11-14","IL","A",11088,10670,197,418,,,5415,0,,1018,8423025,103342,,,,,499,562985,447491,11028,0,,,,,,,,0,8986010,114370,,,,,,0,8986010,114370
"2020-11-13","IL","A",10891,10504,45,387,,,5362,0,,990,8319683,91125,,,,,488,551957,447491,15415,0,,,,,,,,0,8871640,106540,,,,,,0,8871640,106540
"2020-11-12","IL","A",10846,10477,48,369,,,5258,0,,956,8228558,87915,,,,,438,536542,447491,12702,0,,,,,,,,0,8765100,100617,,,,,,0,8765100,100617
"2020-11-11","IL","A",10798,10434,153,364,,,5042,0,,951,8140643,80807,,,,,404,523840,447491,12657,0,,,,,,,,0,8664483,93464,,,,,,0,8664483,93464
"2020-11-10","IL","A",10645,10289,82,356,,,4742,0,,911,8059836,89332,,,,,399,511183,447491,12623,0,,,,,,,,0,8571019,101955,,,,,,0,8571019,101955
"2020-11-09","IL","A",10563,10210,25,353,,,4409,0,,857,7970504,54187,,,,,376,498560,447491,10573,0,,,,,,,,0,8469064,64760,,,,,,0,8469064,64760
"2020-11-08","IL","A",10538,10196,50,342,,,4303,0,,833,7916317,80748,,,,,368,487987,447491,10009,0,,,,,,,,0,8404304,90757,,,,,,0,8404304,90757
"2020-11-07","IL","A",10488,10154,91,334,,,4250,0,,813,7835569,85980,,,,,367,477978,447491,12438,0,,,,,,,,0,8313547,98418,,,,,,0,8313547,98418
"2020-11-06","IL","A",10397,10079,84,318,,,4090,0,,786,7749589,80352,,,,,339,465540,447491,11790,0,,,,,,,,0,8215129,92142,,,,,,0,8215129,98401
"2020-11-05","IL","A",10313,10030,97,283,,,3891,0,,772,7669237,76080,,,,,343,453750,447491,9935,0,,,,,,,,0,8122987,86015,,,,,,0,8116728,86015
"2020-11-04","IL","A",10216,9933,55,283,,,3761,0,,776,7593157,64319,,,,,327,443815,437556,7538,0,,,,,,,,0,8036972,71857,,,,,,0,8030713,71857
"2020-11-03","IL","A",10161,9878,68,283,,,3594,0,,755,7528838,75919,,,,,326,436277,430018,6516,0,,,,,,,,0,7965115,82435,,,,,,0,7958856,82435
"2020-11-02","IL","A",10093,9810,18,283,,,3371,0,,722,7452919,61896,,,,,298,429761,423502,6222,0,,,,,,,,0,7882680,68118,,,,,,0,7876421,68118
"2020-11-01","IL","A",10075,9792,25,283,,,3294,0,,692,7391023,71478,,,,,284,423539,417280,6980,0,,,,,,,,0,7814562,78458,,,,,,0,7808303,78458
"2020-10-31","IL","A",10050,9757,56,283,,,3228,0,,680,7319545,84737,,,,,290,416559,410300,7899,0,,,,,,,,0,7736104,92636,,,,,,0,7729845,92636
"2020-10-30","IL","A",9994,9711,49,283,,,3092,0,,673,7234808,88168,,,,,288,408660,402401,8489,0,,,,,,,,0,7643468,96657,,,,,,0,7637209,95111
"2020-10-29","IL","A",9945,9675,56,270,,,3030,0,,643,7146640,76693,,,,,269,400171,395458,6363,0,,,,,,,,0,7546811,83056,,,,,,0,7542098,83056
"2020-10-28","IL","A",9889,9619,51,270,,,2861,0,,600,7069947,64642,,,,,243,393808,389095,6110,0,,,,,,,,0,7463755,70752,,,,,,0,7459042,70752
"2020-10-27","IL","A",9838,9568,46,270,,,2758,0,,595,7005305,58074,,,,,241,387698,382985,4000,0,,,,,,,,0,7393003,62074,,,,,,0,7388290,62074
"2020-10-26","IL","A",9792,9522,17,270,,,2638,0,,589,6947231,52535,,,,,238,383698,378985,4729,0,,,,,,,,0,7330929,57264,,,,,,0,7326216,57264
"2020-10-25","IL","A",9775,9505,24,270,,,2605,0,,565,6894696,68035,,,,,214,378969,374256,4062,0,,,,,,,,0,7273665,72097,,,,,,0,7268952,72097
"2020-10-24","IL","A",9751,9481,63,270,,,2616,0,,560,6826661,77356,,,,,222,374907,370194,6161,0,,,,,,,,0,7201568,83517,,,,,,0,7196855,83517
"2020-10-23","IL","A",9688,9418,41,270,,,2498,0,,511,6749305,78382,,,,,197,368746,364033,5000,0,,,,,,,,0,7118051,83382,,,,,,0,7113338,82256
"2020-10-22","IL","A",9647,9387,42,260,,,2463,0,,525,6670923,76035,,,,,212,363746,360159,4942,0,,,,,,,,0,7034669,80977,,,,,,0,7031082,80977
"2020-10-21","IL","A",9605,9345,68,260,,,2338,0,,502,6594888,62449,,,,,194,358804,355217,4342,0,,,,,,,,0,6953692,66791,,,,,,0,6950105,66791
"2020-10-20","IL","A",9537,9277,41,260,,,2261,0,,489,6532439,55363,,,,,195,354462,350875,3714,0,,,,,,,,0,6886901,59077,,,,,,0,6883314,59077
"2020-10-19","IL","A",9496,9236,22,260,,,2096,0,,485,6477076,45571,,,,,179,350748,347161,3113,0,,,,,,,,0,6827824,48684,,,,,,0,6824237,48684
"2020-10-18","IL","A",9474,9214,22,260,,,2012,0,,408,6431505,75051,,,,,157,347635,344048,4245,0,,,,,,,,0,6779140,79296,,,,,,0,6775553,79296
"2020-10-17","IL","A",9452,9192,27,260,,,2073,0,,422,6356454,73860,,,,,165,343390,339803,3629,0,,,,,,,,0,6699844,77489,,,,,,0,6696257,77489
"2020-10-16","IL","A",9425,9165,52,260,,,2016,0,,410,6282594,83205,,,,,151,339761,336174,5103,0,,,,,,,,0,6622355,88308,,,,,,0,6618768,87759
"2020-10-15","IL","A",9373,9127,53,246,,,1932,0,,388,6199389,63071,,,,,147,334658,331620,4015,0,,,,,,,,0,6534047,67086,,,,,,0,6531009,67086
"2020-10-14","IL","A",9320,9074,48,246,,,1974,0,,390,6136318,49807,,,,,153,330643,327605,2862,0,,,,,,,,0,6466961,52669,,,,,,0,6463923,52669
"2020-10-13","IL","A",9272,9026,29,246,,,1848,0,,406,6086511,53142,,,,,160,327781,324743,2851,0,,,,,,,,0,6414292,55993,,,,,,0,6411254,55993
"2020-10-12","IL","A",9243,8997,13,246,,,1764,0,,377,6033369,44837,,,,,153,324930,321892,2742,0,,,,,,,,0,6358299,47579,,,,,,0,6355261,47579
"2020-10-11","IL","A",9230,8984,9,246,,,1776,0,,388,5988532,61320,,,,,159,322188,319150,2727,0,,,,,,,,0,6310720,64047,,,,,,0,6307682,64047
"2020-10-10","IL","A",9221,8975,30,246,,,1807,0,,406,5927212,63351,,,,,166,319461,316423,2905,0,,,,,,,,0,6246673,66256,,,,,,0,6243635,66256
"2020-10-09","IL","A",9191,8945,32,246,,,1812,0,,395,5863861,68781,,,,,153,316556,313518,3117,0,,,,,,,,0,6180417,71898,,,,,,0,6177379,71599
"2020-10-08","IL","A",9159,8910,32,249,,,1755,0,,392,5795080,69432,,,,,163,313439,310700,3059,0,,,,,,,,0,6108519,72491,,,,,,0,6105780,72491
"2020-10-07","IL","A",9127,8878,42,249,,,1679,0,,372,5725648,56190,,,,,165,310380,307641,2630,0,,,,,,,,0,6036028,58820,,,,,,0,6033289,58820
"2020-10-06","IL","A",9085,8836,31,249,,,1673,0,,384,5669458,47896,,,,,159,307750,305011,1617,0,,,,,,,,0,5977208,49513,,,,,,0,5974469,49513
"2020-10-05","IL","A",9054,8805,14,249,,,1631,0,,382,5621562,36685,,,,,155,306133,303394,1853,0,,,,,,,,0,5927695,38538,,,,,,0,5924956,38538
"2020-10-04","IL","A",9040,8791,17,249,,,1521,0,,384,5584877,50203,,,,,140,304280,301541,1453,0,,,,,,,,0,5889157,51656,,,,,,0,5886418,51656
"2020-10-03","IL","A",9023,8774,31,249,,,1535,0,,361,5534674,69192,,,,,140,302827,300088,2442,0,,,,,,,,0,5837501,71634,,,,,,0,5834762,71634
"2020-10-02","IL","A",8992,8743,52,249,,,1678,0,,373,5465482,70485,,,,,162,300385,297646,2456,0,,,,,,,,0,5765867,72941,,,,,,0,5763128,72691
"2020-10-01","IL","A",8940,8696,24,244,,,1635,0,,359,5394997,63449,,,,,149,297929,295440,2166,0,,,,,,,,0,5692926,65615,,,,,,0,5690437,65615
"2020-09-30","IL","A",8916,8672,35,244,,,1632,0,,378,5331548,56273,,,,,152,295763,293274,2273,0,,,,,,,,0,5627311,58546,,,,,,0,5624822,58546
"2020-09-29","IL","A",8881,8637,23,244,,,1535,0,,363,5275275,44262,,,,,151,293490,291001,1362,0,,,,,,,,0,5568765,45624,,,,,,0,5566276,45624
"2020-09-28","IL","A",8858,8614,13,244,,,1491,0,,346,5231013,39433,,,,,135,292128,289639,1709,0,,,,,,,,0,5523141,41142,,,,,,0,5520652,41142
"2020-09-27","IL","A",8845,8601,13,244,,,1486,0,,350,5191580,49218,,,,,144,290419,287930,1604,0,,,,,,,,0,5481999,50822,,,,,,0,5479510,50822
"2020-09-26","IL","A",8832,8588,25,244,,,1597,0,,355,5142362,62776,,,,,141,288815,286326,2441,0,,,,,,,,0,5431177,65217,,,,,,0,5428688,65217
"2020-09-25","IL","A",8807,8563,33,244,,,1637,0,,371,5079586,67279,,,,,124,286374,283885,2805,0,,,,,,,,0,5365960,70084,,,,,,0,5363471,69793
"2020-09-24","IL","A",8774,8538,30,236,,,1713,0,,400,5012307,59814,,,,,155,283569,281371,2257,0,,,,,,,,0,5295876,62071,,,,,,0,5293678,62071
"2020-09-23","IL","A",8744,8508,22,236,,,1563,0,,351,4952493,44543,,,,,144,281312,279114,1848,0,,,,,,,,0,5233805,46391,,,,,,0,5231607,46391
"2020-09-22","IL","A",8722,8486,29,236,,,1455,0,,367,4907950,40298,,,,,153,279464,277266,1531,0,,,,,,,,0,5187414,41829,,,,,,0,5185216,41829
"2020-09-21","IL","A",8693,8457,7,236,,,1436,0,,364,4867652,36757,,,,,153,277933,275735,1477,0,,,,,,,,0,5145585,38234,,,,,,0,5143387,38234
"2020-09-20","IL","A",8686,8450,14,236,,,1417,0,,357,4830895,46609,,,,,151,276456,274258,1402,0,,,,,,,,0,5107351,48011,,,,,,0,5105153,48011
"2020-09-19","IL","A",8672,8436,25,236,,,1469,0,,326,4784286,71757,,,,,141,275054,272856,2529,0,,,,,,,,0,5059340,74286,,,,,,0,5057142,74286
"2020-09-18","IL","A",8647,8411,23,236,,,1481,0,,329,4712529,59798,,,,,149,272525,270327,2223,0,,,,,,,,0,4985054,62021,,,,,,0,4982856,61918
"2020-09-17","IL","A",8624,8392,25,232,,,1558,0,,359,4652731,55744,,,,,144,270302,268207,2056,0,,,,,,,,0,4923033,57800,,,,,,0,4920938,57800
"2020-09-16","IL","A",8599,8367,35,232,,,1565,0,,345,4596987,50370,,,,,143,268246,266151,1941,0,,,,,,,,0,4865233,52311,,,,,,0,4863138,52311
"2020-09-15","IL","A",8564,8332,18,232,,,1584,0,,373,4546617,37565,,,,,144,266305,264210,1466,0,,,,,,,,0,4812922,39031,,,,,,0,4810827,39031
"2020-09-14","IL","A",8546,8314,5,232,,,1431,0,,335,4509052,34557,,,,,131,264839,262744,1373,0,,,,,,,,0,4773891,35930,,,,,,0,4771796,35930
"2020-09-13","IL","A",8541,8309,14,232,,,1422,0,,328,4474495,45428,,,,,136,263466,261371,1462,0,,,,,,,,0,4737961,46890,,,,,,0,4735866,46890
"2020-09-12","IL","A",8527,8295,22,232,,,1509,0,,344,4429067,54473,,,,,170,262004,259909,2121,0,,,,,,,,0,4691071,56594,,,,,,0,4688976,56594
"2020-09-11","IL","A",8505,8273,44,232,,,1619,0,,359,4374594,54516,,,,,155,259883,257788,2312,0,,,,,,,,0,4634477,56828,,,,,,0,4632382,56661
"2020-09-10","IL","A",8461,8242,28,219,,,1609,0,,346,4320078,47029,,,,,141,257571,255643,1953,0,,,,,,,,0,4577649,48982,,,,,,0,4575721,48982
"2020-09-09","IL","A",8433,8214,28,219,,,1580,0,,357,4273049,46692,,,,,133,255618,253690,1337,0,,,,,,,,0,4528667,48029,,,,,,0,4526739,48029
"2020-09-08","IL","A",8405,8186,7,219,,,1504,0,,343,4226357,29971,,,,,133,254281,252353,1392,0,,,,,,,,0,4480638,31363,,,,,,0,4478710,31363
"2020-09-07","IL","A",8398,8179,8,219,,,1484,0,,352,4196386,27594,,,,,137,252889,250961,1381,0,,,,,,,,0,4449275,28975,,,,,,0,4447347,28975
"2020-09-06","IL","A",8390,8171,5,219,,,1504,0,,356,4168792,45093,,,,,134,251508,249580,1403,0,,,,,,,,0,4420300,46496,,,,,,0,4418372,46496
"2020-09-05","IL","A",8385,8166,23,219,,,1550,0,,363,4123699,59129,,,,,151,250105,248177,2806,0,,,,,,,,0,4373804,61935,,,,,,0,4371876,61935
"2020-09-04","IL","A",8362,8143,38,219,,,1621,0,,360,4064570,143905,,,,,155,247299,245371,5594,0,,,,,,,,0,4311869,149499,,,,,,0,4309941,149273
"2020-09-03","IL","A",8324,8115,24,209,,,1620,0,,360,3920665,39435,,,,,144,241705,240003,1360,0,,,,,,,,0,4162370,40795,,,,,,0,4160668,40795
"2020-09-02","IL","A",8300,8091,27,209,,,1596,0,,347,3881230,30623,,,,,142,240345,238643,2128,0,,,,,,,,0,4121575,32751,,,,,,0,4119873,32751
"2020-09-01","IL","A",8273,8064,38,209,,,1513,0,,362,3850607,21469,,,,,146,238217,236515,1492,0,,,,,,,,0,4088824,22961,,,,,,0,4087122,22961
"2020-08-31","IL","A",8235,8026,7,209,,,1492,0,,347,3829138,45711,,,,,157,236725,235023,1668,0,,,,,,,,0,4065863,47379,,,,,,0,4064161,47379
"2020-08-30","IL","A",8228,8019,11,209,,,1472,0,,328,3783427,41701,,,,,155,235057,233355,1992,0,,,,,,,,0,4018484,43693,,,,,,0,4016782,43693
"2020-08-29","IL","A",8217,8008,11,209,,,1563,0,,349,3741726,46904,,,,,134,233065,231363,1880,0,,,,,,,,0,3974791,48784,,,,,,0,3973089,48784
"2020-08-28","IL","A",8206,7997,20,209,,,1546,0,,352,3694822,46234,,,,,132,231185,229483,2434,0,,,,,,,,0,3926007,48668,,,,,,0,3924305,48383
"2020-08-27","IL","A",8186,7977,23,209,,,1631,0,,390,3648588,42803,,,,,151,228751,227334,1707,0,,,,,,,,0,3877339,44510,,,,,,0,3875922,44510
"2020-08-26","IL","A",8163,7954,37,209,,,1573,0,,350,3605785,48205,,,,,132,227044,225627,2157,0,,,,,,,,0,3832829,50362,,,,,,0,3831412,50362
"2020-08-25","IL","A",8126,7917,29,209,,,1549,0,,345,3557580,39179,,,,,135,224887,223470,1680,0,,,,,,,,0,3782467,40859,,,,,,0,3781050,40859
"2020-08-24","IL","A",8097,7888,8,209,,,1529,0,,334,3518401,34543,,,,,141,223207,221790,1612,0,,,,,,,,0,3741608,36155,,,,,,0,3740191,36155
"2020-08-23","IL","A",8089,7880,6,209,,,1449,0,,339,3483858,52458,,,,,117,221595,220178,1893,0,,,,,,,,0,3705453,54351,,,,,,0,3704036,54351
"2020-08-22","IL","A",8083,7874,17,209,,,1488,0,,322,3431400,54410,,,,,127,219702,218285,2356,0,,,,,,,,0,3651102,56766,,,,,,0,3649685,56766
"2020-08-21","IL","A",8066,7857,22,209,,,1526,0,,351,3376990,49528,,,,,121,217346,215929,2293,0,,,,,,,,0,3594336,51821,,,,,,0,3592919,51736
"2020-08-20","IL","A",8044,7833,27,211,,,1519,0,,357,3327462,49780,,,,,124,215053,213721,1832,0,,,,,,,,0,3542515,51612,,,,,,0,3541183,51612
"2020-08-19","IL","A",8017,7806,24,211,,,1519,0,,334,3277682,48004,,,,,144,213221,211889,2295,0,,,,,,,,0,3490903,50299,,,,,,0,3489571,50299
"2020-08-18","IL","A",7993,7782,26,211,,,1510,0,,335,3229678,32435,,,,,128,210926,209594,1740,0,,,,,,,,0,3440604,34175,,,,,,0,3439272,34175
"2020-08-17","IL","A",7967,7756,12,211,,,1544,0,,340,3197243,36473,,,,,126,209186,207854,1773,0,,,,,,,,0,3406429,38246,,,,,,0,3405097,38246
"2020-08-16","IL","A",7955,7744,18,211,,,1581,0,,345,3160770,35527,,,,,116,207413,206081,1562,0,,,,,,,,0,3368183,37089,,,,,,0,3366851,37089
"2020-08-15","IL","A",7937,7726,5,211,,,1538,0,,330,3125243,42586,,,,,127,205851,204519,1828,0,,,,,,,,0,3331094,44414,,,,,,0,3329762,44414
"2020-08-14","IL","A",7932,7721,27,211,,,1612,0,,345,3082657,47277,,,,,126,204023,202691,2296,0,,,,,,,,0,3286680,49573,,,,,,0,3285348,49541
"2020-08-13","IL","A",7905,7696,24,209,,,1628,0,,383,3035380,44172,,,,,127,201727,200427,1834,0,,,,,,,,0,3237107,46006,,,,,,0,3235807,46006
"2020-08-12","IL","A",7881,7672,15,209,,,1525,0,,357,2991208,40453,,,,,129,199893,198593,1645,0,,,,,,,,0,3191101,42098,,,,,,0,3189801,42098
"2020-08-11","IL","A",7866,7657,20,209,,,1459,0,,336,2950755,39813,,,,,127,198248,196948,1549,0,,,,,,,,0,3149003,41362,,,,,,0,3147703,41362
"2020-08-10","IL","A",7846,7637,1,209,,,1481,0,,352,2910942,31034,,,,,138,196699,195399,1319,0,,,,,,,,0,3107641,32353,,,,,,0,3106341,32353
"2020-08-09","IL","A",7845,7636,5,209,,,1488,0,,322,2879908,39972,,,,,114,195380,194080,1382,0,,,,,,,,0,3075288,41354,,,,,,0,3073988,41354
"2020-08-08","IL","A",7840,7631,18,209,,,1538,0,,338,2839936,45826,,,,,125,193998,192698,2190,0,,,,,,,,0,3033934,48016,,,,,,0,3032634,48016
"2020-08-07","IL","A",7822,7613,31,209,,,1486,0,,333,2794110,44785,,,,,125,191808,190508,2103,0,,,,,,,,0,2985918,46888,,,,,,0,2984618,46869
"2020-08-06","IL","A",7791,7594,21,197,,,1517,0,,346,2749325,39733,,,,,132,189705,188424,1953,0,,,,,,,,0,2939030,41686,,,,,,0,2937749,41686
"2020-08-05","IL","A",7770,7573,28,197,,,1552,0,,368,2709592,44909,,,,,129,187752,186471,1759,0,,,,,,,,0,2897344,46668,,,,,,0,2896063,46668
"2020-08-04","IL","A",7742,7545,19,197,,,1496,0,,365,2664683,41127,,,,,125,185993,184712,1471,0,,,,,,,,0,2850676,42598,,,,,,0,2849395,42598
"2020-08-03","IL","A",7723,7526,9,197,,,1418,0,,347,2623556,27177,,,,,132,184522,183241,1298,0,,,,,,,,0,2808078,28475,,,,,,0,2806797,28475
"2020-08-02","IL","A",7714,7517,14,197,,,1407,0,,339,2596379,37478,,,,,126,183224,181943,1467,0,,,,,,,,0,2779603,38945,,,,,,0,2778322,38945
"2020-08-01","IL","A",7700,7503,8,197,,,1347,0,,334,2558901,38170,,,,,148,181757,180476,1639,0,,,,,,,,0,2740658,39809,,,,,,0,2739377,39809
"2020-07-31","IL","A",7692,7495,22,197,,,1369,0,,346,2520731,47841,,,,,148,180118,178837,1980,0,,,,,,,,0,2700849,49821,,,,,,0,2699568,49782
"2020-07-30","IL","A",7670,7478,16,192,,,1452,0,,353,2472890,39362,,,,,149,178138,176896,1772,0,,,,,,,,0,2651028,41134,,,,,,0,2649786,41134
"2020-07-29","IL","A",7654,7462,16,192,,,1491,0,,355,2433528,36794,,,,,152,176366,175124,1393,0,,,,,,,,0,2609894,38187,,,,,,0,2608652,38187
"2020-07-28","IL","A",7638,7446,30,192,,,1383,0,,329,2396734,27255,,,,,128,174973,173731,1076,0,,,,,,,,0,2571707,28331,,,,,,0,2570465,28331
"2020-07-27","IL","A",7608,7416,18,192,,,1417,0,,350,2369479,29336,,,,,124,173897,172655,1231,0,,,,,,,,0,2543376,30567,,,,,,0,2542134,30567
"2020-07-26","IL","A",7590,7398,1,192,,,1394,0,,345,2340143,39303,,,,,119,172666,171424,1541,0,,,,,,,,0,2512809,40844,,,,,,0,2511567,40844
"2020-07-25","IL","A",7589,7397,12,192,,,1438,0,,341,2300840,36774,,,,,110,171125,169883,1426,0,,,,,,,,0,2471965,38200,,,,,,0,2470723,38200
"2020-07-24","IL","A",7577,7385,17,192,,,1471,0,,325,2264066,42798,,,,,115,169699,168457,1599,0,,,,,,,,0,2433765,44397,,,,,,0,2432523,44330
"2020-07-23","IL","A",7560,7367,20,193,,,1473,0,,309,2221268,38082,,,,,135,168100,166925,1624,0,,,,,,,,0,2389368,39706,,,,,,0,2388193,39706
"2020-07-22","IL","A",7540,7347,23,193,,,1456,0,,337,2183186,38035,,,,,132,166476,165301,1598,0,,,,,,,,0,2349662,39633,,,,,,0,2348487,39633
"2020-07-21","IL","A",7517,7324,23,193,,,1466,0,,320,2145151,28790,,,,,142,164878,163703,955,0,,,,,,,,0,2310029,29745,,,,,,0,2308854,29745
"2020-07-20","IL","A",7494,7301,6,193,,,1410,0,,308,2116361,33425,,,,,133,163923,162748,1173,0,,,,,,,,0,2280284,34598,,,,,,0,2279109,34598
"2020-07-19","IL","A",7488,7295,5,193,,,1356,0,,320,2082936,31148,,,,,132,162750,161575,965,0,,,,,,,,0,2245686,32113,,,,,,0,2244511,32113
"2020-07-18","IL","A",7483,7290,18,193,,,1360,0,,326,2051788,44823,,,,,119,161785,160610,1276,0,,,,,,,,0,2213573,46099,,,,,,0,2212398,46099
"2020-07-17","IL","A",7465,7272,13,193,,,1431,0,,309,2006965,42308,,,,,128,160509,159334,1427,0,,,,,,,,0,2167474,43735,,,,,,0,2166299,43692
"2020-07-16","IL","A",7452,7251,25,201,,,1434,0,,311,1964657,41749,,,,,127,159082,157950,1257,0,,,,,,,,0,2123739,43006,,,,,,0,2122607,43006
"2020-07-15","IL","A",7427,7226,8,201,,,1454,0,,324,1922908,36974,,,,,130,157825,156693,1187,0,,,,,,,,0,2080733,38161,,,,,,0,2079601,38161
"2020-07-14","IL","A",7419,7218,25,201,,,1416,0,,333,1885934,27739,,,,,126,156638,155506,707,0,,,,,,,,0,2042572,28446,,,,,,0,2041440,28446
"2020-07-13","IL","A",7394,7193,6,201,,,1362,0,,334,1858195,29129,,,,,136,155931,154799,883,0,,,,,,,,0,2014126,30012,,,,,,0,2012994,30012
"2020-07-12","IL","A",7388,7187,19,201,,,1342,0,,311,1829066,37940,,,,,127,155048,153916,954,0,,,,,,,,0,1984114,38894,,,,,,0,1982982,38894
"2020-07-11","IL","A",7369,7168,24,201,,,1398,0,,321,1791126,31150,,,,,139,154094,152962,1195,0,,,,,,,,0,1945220,32345,,,,,,0,1944088,32345
"2020-07-10","IL","A",7345,7144,16,201,,,1436,0,,306,1759976,31670,,,,,155,152899,151767,1327,0,,,,,,,,0,1912875,32997,,,,,,0,1911743,32987
"2020-07-09","IL","A",7329,7119,20,210,,,1507,0,,317,1728306,35162,,,,,153,151572,150450,1018,0,,,,,,,,0,1879878,36180,,,,,,0,1878756,36180
"2020-07-08","IL","A",7309,7099,36,210,,,1385,0,,320,1693144,31762,,,,,153,150554,149432,980,0,,,,,,,,0,1843698,32742,,,,,,0,1842576,32742
"2020-07-07","IL","A",7273,7063,37,210,,,1385,0,,320,1661382,26407,,,,,153,149574,148452,587,0,,,,,,,,0,1810956,26994,,,,,,0,1809834,26994
"2020-07-06","IL","A",7236,7026,6,210,,,1395,0,,321,1634975,20520,,,,,151,148987,147865,614,0,,,,,,,,0,1783962,21134,,,,,,0,1782840,21134
"2020-07-05","IL","A",7230,7020,6,210,,,1326,0,,304,1614455,26596,,,,,165,148373,147251,639,0,,,,,,,,0,1762828,27235,,,,,,0,1761706,27235
"2020-07-04","IL","A",7224,7014,9,210,,,1346,0,,336,1587859,32974,,,,,182,147734,146612,862,0,,,,,,,,0,1735593,33836,,,,,,0,1734471,33836
"2020-07-03","IL","A",7215,7005,27,210,,,1349,0,,334,1554885,33450,,,,,164,146872,145750,937,0,,,,,,,,0,1701757,34387,,,,,,0,1700635,34318
"2020-07-02","IL","A",7188,6987,36,201,,,1651,0,,349,1521435,29393,,,,,195,145935,144882,869,0,,,,,,,,0,1667370,30262,,,,,,0,1666317,30262
"2020-07-01","IL","A",7152,6951,28,201,,,1511,0,,384,1492042,32262,,,,,189,145066,144013,828,0,,,,,,,,0,1637108,33090,,,,,,0,1636055,33090
"2020-06-30","IL","A",7124,6923,21,201,,,1560,0,,401,1459780,30345,,,,,185,144238,143185,724,0,,,,,,,,0,1604018,31069,,,,,,0,1602965,31069
"2020-06-29","IL","A",7103,6902,14,201,,,1501,0,,372,1429435,26180,,,,,187,143514,142461,738,0,,,,,,,,0,1572949,26918,,,,,,0,1571896,26918
"2020-06-28","IL","A",7089,6888,15,201,,,1464,0,,373,1403255,23143,,,,,193,142776,141723,646,0,,,,,,,,0,1546031,23789,,,,,,0,1544978,23789
"2020-06-27","IL","A",7074,6873,26,201,,,1516,0,,400,1380112,29451,,,,,225,142130,141077,786,0,,,,,,,,0,1522242,30237,,,,,,0,1521189,30237
"2020-06-26","IL","A",7048,6847,34,201,,,1516,0,,400,1350661,29568,,,,,225,141344,140291,910,0,,,,,,,,0,1492005,30478,,,,,,0,1490952,30425
"2020-06-25","IL","A",7014,6810,40,204,,,1626,0,,399,1321093,30792,,,,,216,140434,139434,894,0,,,,,,,,0,1461527,31686,,,,,,0,1460527,31686
"2020-06-24","IL","A",6974,6770,63,204,,,1614,0,,389,1290301,28616,,,,,219,139540,138540,715,0,,,,,,,,0,1429841,29331,,,,,,0,1428841,29331
"2020-06-23","IL","A",6911,6707,36,204,,,1648,0,,424,1261685,19906,,,,,236,138825,137825,601,0,,,,,,,,0,1400510,20507,,,,,,0,1399510,20507
"2020-06-22","IL","A",6875,6671,24,204,,,1628,0,,419,1241779,17757,,,,,250,138224,137224,462,0,,,,,,,,0,1380003,18219,,,,,,0,1379003,18219
"2020-06-21","IL","A",6851,6647,22,204,,,1631,0,,422,1224022,23158,,,,,256,137762,136762,658,0,,,,,,,,0,1361784,23816,,,,,,0,1360784,23816
"2020-06-20","IL","A",6829,6625,111,204,,,1696,0,,454,1200864,25331,,,,,274,137104,136104,634,0,,,,,,,,0,1337968,25965,,,,,,0,1336968,25965
"2020-06-19","IL","A",6718,6580,0,204,,,1837,0,,512,1175533,26479,,,,,293,136470,135470,831,0,,,,,,,,0,1312003,27310,,,,,,0,1311003,27171
"2020-06-18","IL","A",6718,6537,52,181,,,1878,0,,538,1149054,24911,,,,,321,135639,134778,593,0,,,,,,,,0,1284693,25504,,,,,,0,1283832,25504
"2020-06-17","IL","A",6666,6485,87,181,,,1878,0,,563,1124143,29441,,,,,331,135046,134185,546,0,,,,,,,,0,1259189,29987,,,,,,0,1258328,29987
"2020-06-16","IL","A",6579,6398,72,181,,,1939,0,,561,1094702,18106,,,,,331,134500,133639,623,0,,,,,,,,0,1229202,18729,,,,,,0,1228341,18729
"2020-06-15","IL","A",6507,6326,18,181,,,1961,0,,569,1076596,18154,,,,,340,133877,133016,473,0,,,,,,,,0,1210473,18627,,,,,,0,1209612,18627
"2020-06-14","IL","A",6489,6308,19,181,,,1914,0,,562,1058442,21368,,,,,328,133404,132543,672,0,,,,,,,,0,1191846,22040,,,,,,0,1190985,22040
"2020-06-13","IL","A",6470,6289,29,181,,,2117,0,,610,1037074,21171,,,,,352,132732,131871,673,0,,,,,,,,0,1169806,21844,,,,,,0,1168945,21844
"2020-06-12","IL","A",6441,6260,78,181,,,2209,0,,648,1015903,24179,,,,,375,132059,131198,732,0,,,,,,,,0,1147962,24911,,,,,,-1122327,1147101,24774
"2020-06-11","IL","B",6363,6185,90,178,,,2365,0,,638,991724,21559,,,,,379,131327,130603,766,0,,,,,,,,0,1123051,22325,,,,,1122327,22325,1122327,22325
"2020-06-10","IL","A",6273,6095,77,178,,,2458,0,,706,970165,20195,,,,,394,130561,129837,625,0,,,,,,,,0,1100726,20820,,,,,1100002,20820,1100002,20820
"2020-06-09","IL","A",6196,6018,94,178,,,2573,0,,726,949970,19512,,,,,437,129936,129212,797,0,,,,,,,,0,1079906,20309,,,,,1079182,20309,1079182,20309
"2020-06-08","IL","A",6102,5924,198,178,,,2496,0,,713,930458,15441,,,,,443,129139,128415,1382,0,,,,,,,,0,1059597,16823,,,,,1058873,16099,1058873,16099
"2020-06-07","IL","A",5904,5904,40,,,,2550,0,,720,915017,19833,,,,,438,127757,127757,867,0,,,,,,,,0,1042774,20700,,,,,1042774,20700,1042774,20700
"2020-06-06","IL","A",5864,5864,69,,,,2702,0,,770,895184,20180,,,,,476,126890,126890,975,0,,,,,,,,0,1022074,21155,,,,,1022074,21155,1022074,21155
"2020-06-05","IL","A",5795,5795,59,,,,2911,0,,817,875004,17747,,,,,500,125915,125915,1156,0,,,,,,,,0,1000919,18903,,,,,1000919,18903,1000919,18903
"2020-06-04","IL","A",5736,5736,115,,,,3044,0,,853,857257,21912,,,,,516,124759,124759,929,0,,,,,,,,0,982016,22841,,,,,982016,22841,982016,22841
"2020-06-03","IL","A",5621,5621,96,,,,3173,0,,844,835345,23489,,,,,508,123830,123830,982,0,,,,,,,,0,959175,24471,,,,,959175,24471,959175,24471
"2020-06-02","IL","A",5525,5525,113,,,,3238,0,,874,811856,14817,,,,,548,122848,122848,1614,0,,,,,,,,0,934704,16431,,,,,934704,16431,934704,16431
"2020-06-01","IL","A",5412,5412,22,,,,3215,0,,902,797039,19040,,,,,547,121234,121234,974,0,,,,,,,,0,918273,20014,,,,,918273,20014,918273,20014
"2020-05-31","IL","A",5390,5390,60,,,,3296,0,,941,777999,19811,,,,,550,120260,120260,1343,0,,,,,,,,0,898259,21154,,,,,898259,898259,898259,21154
"2020-05-30","IL","A",5330,5330,60,,,,3336,0,,925,758188,23881,,,,,661,118917,118917,1462,0,,,,,,,,0,877105,25343,,,,,,0,877105,25343
"2020-05-29","IL","A",5270,5270,84,,,,3599,0,,980,734307,20174,,,,,593,117455,117455,1622,0,,,,,,,,0,851762,21796,,,,,,0,851762,21796
"2020-05-28","IL","A",5186,5186,103,,,,3649,0,,1009,714133,24466,,,,,576,115833,115833,1527,0,,,,,,,,0,829966,25993,,,,,,0,829966,25993
"2020-05-27","IL","A",5083,5083,160,,,,3826,0,,1031,689667,16068,,,,,592,114306,114306,1111,0,,,,,,,,0,803973,17179,,,,,,0,803973,17179
"2020-05-26","IL","A",4923,4923,39,,,,3788,0,,1035,673599,16052,,,,,590,113195,113195,1178,0,,,,,,,,0,786794,17230,,,,,,0,786794,17230
"2020-05-25","IL","A",4884,4884,28,,,,3762,0,,1025,657547,19930,,,,,605,112017,112017,1713,0,,,,,,,,0,769564,21643,,,,,,-747921,769564,769564
"2020-05-24","IL","A",4856,4856,66,,,,3667,0,,1007,637617,23166,,,,,632,110304,110304,2508,0,,,,,,,,0,747921,25674,,,,,747921,25674,,0
"2020-05-23","IL","A",4790,4790,75,,,,3753,0,,1027,614451,22762,,,,,607,107796,107796,2352,0,,,,,,,,0,722247,25114,,,,,722247,25114,,0
"2020-05-22","IL","A",4715,4715,108,,,,3928,0,,1060,591689,22355,,,,,589,105444,105444,2758,0,,,,,,,,0,697133,25113,,,,,697133,25113,,0
"2020-05-21","IL","A",4607,4607,82,,,,4107,0,,1088,569334,27039,,,,,609,102686,102686,2268,0,,,,,,,,0,672020,29307,,,,,672020,29307,,0
"2020-05-20","IL","A",4525,4525,146,,,,3914,0,,1005,542295,18641,,,,,554,100418,100418,2388,0,,,,,,,,0,642713,21029,,,,,642713,21029,,0
"2020-05-19","IL","A",4379,4379,145,,,,4002,0,,993,523654,16898,,,,,576,98030,98030,1545,0,,,,,,,,0,621684,18443,,,,,621684,18443,,0
"2020-05-18","IL","A",4234,4234,57,,,,4120,0,,1096,506756,19003,,,,,636,96485,96485,2294,0,,,,,,,,0,603241,21297,,,,,603241,603241,,-581944
"2020-05-17","IL","A",4177,4177,48,,,,4190,0,,1144,487753,18561,,,,,735,94191,94191,1734,0,,,,,,,,0,581944,20295,,,,,,-561649,581944,581944
"2020-05-16","IL","A",4129,4129,71,,,,4306,0,,1135,469192,20959,,,,,653,92457,92457,2088,0,,,,,,,,0,561649,23047,,,,,561649,23047,,0
"2020-05-15","IL","A",4058,4058,130,,,,4367,0,,1129,448233,24133,,,,,675,90369,90369,2432,0,,,,,,,,0,538602,26565,,,,,538602,49243,,0
"2020-05-14","IL","A",3928,3928,136,,,,4473,0,,1132,424100,19439,,,,,689,87937,87937,3239,0,,,,,,,,0,512037,22678,,,,,489359,17668,,0
"2020-05-13","IL","A",3792,3792,191,,,,4563,0,,1208,404661,15991,,,,,714,84698,84698,1677,0,,,,,,,,0,489359,17668,,,,,471691,471691,,0
"2020-05-12","IL","A",3601,3601,142,,,,4626,0,,1215,388670,25252,,,,,730,83021,83021,4014,0,,,,,,,,0,471691,29266,,,,,,0,,0
"2020-05-11","IL","A",3459,,53,,,,4319,0,,1248,363418,11175,,,,,730,79007,79007,1266,0,,,,,,,,0,442425,12441,,,,,,0,,0
"2020-05-10","IL","A",3406,,57,,,,4293,0,,1232,352243,11997,,,,,709,77741,77741,1656,0,,,,,,,,0,429984,13653,,,,,,0,,0
"2020-05-09","IL","A",3349,,108,,,,4739,0,,1215,340246,14292,,,,,739,76085,76085,2325,0,,,,,,,,0,416331,16617,,,,,,0,,0
"2020-05-08","IL","A",3241,,130,,,,4750,0,,1222,325954,17784,,,,,727,73760,73760,2887,0,,,,,,,,0,399714,20671,,,,,,0,,0
"2020-05-07","IL","A",3111,,137,,,,4862,0,,1253,308170,15142,,,,,766,70873,70873,2641,0,,,,,,,,0,379043,17783,,,,,,0,,0
"2020-05-06","IL","A",2974,,136,,,,4832,0,,1231,293028,12704,,,,,780,68232,68232,2270,0,,,,,,,,0,361260,14974,,,,,,0,,0
"2020-05-05","IL","A",2838,,176,,,,4780,0,,1266,280324,11017,,,,,780,65962,65962,2122,0,,,,,,,,0,346286,13139,,,,,,0,,0
"2020-05-04","IL","A",2662,,44,,,,4493,0,,1232,269307,11493,,,,,763,63840,63840,2341,0,,,,,,,,0,333147,13834,,,,,,0,,0
"2020-05-03","IL","A",2618,,59,,,,4701,0,,1232,257814,16423,,,,,759,61499,61499,2994,0,,,,,,,,0,319313,19417,,,,,,0,,0
"2020-05-02","IL","A",2559,,102,,,,4717,0,,1250,241391,12758,,,,,789,58505,58505,2450,0,,,,,,,,0,299896,15208,,,,,,0,,0
"2020-05-01","IL","A",2457,,102,,,,4900,0,,1263,228633,11684,,,,,777,56055,56055,3137,0,,,,,,,,0,284688,14821,,,,,,0,,0
"2020-04-30","IL","A",2355,,140,,,,4953,0,,1289,216949,10637,,,,,785,52918,52918,2563,0,,,,,,,,0,269867,13200,,,,,,0,,0
"2020-04-29","IL","A",2215,,90,,,,5036,0,,1290,206312,12225,,,,,777,50355,50355,2253,0,,,,,,,,0,256667,14478,,,,,,0,,0
"2020-04-28","IL","A",2125,,142,,,,4738,0,,1245,194087,12342,,,,,778,48102,,2219,0,,,,,,,,0,242189,14561,,,,,,0,,0
"2020-04-27","IL","A",1983,,50,,,,4672,0,,1249,181745,10696,,,,,763,45883,,1980,0,,,,,,,,0,227628,12676,,,,,,0,,0
"2020-04-26","IL","A",1933,,59,,,,4595,0,,1267,171049,11209,,,,,772,43903,,2126,0,,,,,,,,0,214952,13335,,,,,,0,,0
"2020-04-25","IL","A",1874,,79,,,,4699,0,,1244,159840,9866,,,,,763,41777,,2119,0,,,,,,,,0,201617,11985,,,,,,0,,0
"2020-04-24","IL","A",1795,,107,,,,4828,0,,1225,149974,13592,,,,,709,39658,,2724,0,,,,,,,,0,189632,16316,,,,,,0,,0
"2020-04-23","IL","A",1688,,123,,,,4877,0,,1268,136382,7144,,,,,766,36934,,1826,0,,,,,,,,0,173316,8970,,,,,,0,,0
"2020-04-22","IL","A",1565,,97,,,,4665,0,,1220,129238,7300,,,,,747,35108,,2049,0,,,,,,,,0,164346,9349,,,,,,0,,0
"2020-04-21","IL","A",1468,,119,,,,4776,0,,1226,121938,5088,,,,,781,33059,,1551,0,,,,,,,,0,154997,6639,,,,,,0,,0
"2020-04-20","IL","A",1349,,59,,,,4599,0,,1239,116850,3889,,,,,757,31508,,1151,0,,,,,,,,0,148358,5040,,,,,,0,,0
"2020-04-19","IL","A",1290,,31,,,,4314,0,,1196,112961,4717,,,,,749,30357,,1197,0,,,,,,,,0,143318,5914,,,,,,0,,0
"2020-04-18","IL","A",1259,,125,,,,4340,0,,1192,108244,5656,,,,,740,29160,,1585,0,,,,,,,,0,137404,7241,,,,,,0,,0
"2020-04-17","IL","A",1134,,62,,,,4454,0,,1196,102588,5732,,,,,777,27575,,1842,0,,,,,,,,0,130163,7574,,,,,,0,,0
"2020-04-16","IL","A",1072,,124,,,,4423,0,,1248,96856,4520,,,,,797,25733,,1140,0,,,,,,,,0,122589,5660,,,,,,0,,0
"2020-04-15","IL","A",948,,80,,,,4283,0,,1189,92336,4967,,,,,796,24593,,1346,0,,,,,,,,0,116929,6313,,,,,,0,,0
"2020-04-14","IL","A",868,,74,,,,4283,0,,1189,87369,3626,,,,,796,23247,,1222,0,,,,,,,,0,110616,4848,,,,,,0,,0
"2020-04-13","IL","A",794,,74,,,,3680,0,,1166,83743,3860,,,,,821,22025,,1173,0,,,,,,,,0,105768,5033,,,,,,0,,0
"2020-04-12","IL","A",720,,43,,,,3680,0,,1166,79883,6914,,,,,821,20852,,1672,0,,,,,,,,0,100735,8586,,,,,,0,,0
"2020-04-11","IL","A",677,,81,,,,3680,0,,1166,72969,3329,,,,,821,19180,,1293,0,,,,,,,,0,92149,4622,,,,,,0,,0
"2020-04-10","IL","A",596,,68,,,,3680,0,,1166,69640,5205,,,,,821,17887,,1465,0,,,,,,,,0,87527,6670,,,,,,0,,0
"2020-04-09","IL","A",528,,66,,,,3680,0,,1166,64435,4447,,,,,821,16422,,1344,0,,,,,,,,0,80857,5791,,,,,,0,,0
"2020-04-08","IL","A",462,,82,,,,3680,0,,1166,59988,4805,,,,,821,15078,,1529,0,,,,,,,,0,75066,6334,,,,,,0,,0
"2020-04-07","IL","A",380,,73,,,,3680,0,,1166,55183,4503,,,,,821,13549,,1287,0,,,,,,,,0,68732,5790,,,,,,0,,0
"2020-04-06","IL","A",307,,33,,,,,0,,,50680,2953,,,,,,12262,,1006,0,,,,,,,,0,62942,3959,,,,,,0,,0
"2020-04-05","IL","A",274,,31,,,,,0,,,47727,4503,,,,,,11256,,899,0,,,,,,,,0,58983,5402,,,,,,0,,0
"2020-04-04","IL","A",243,,33,,,,,0,,,43224,4080,,,,,,10357,,1453,0,,,,,,,,0,53581,5533,,,,,,0,,0
"2020-04-03","IL","A",210,,53,,,,,0,,,39144,3183,,,,,,8904,,1209,0,,,,,,,,0,48048,4392,,,,,,0,,0
"2020-04-02","IL","A",157,,16,,,,,0,,,35961,2557,,,,,,7695,,715,0,,,,,,,,0,43656,3272,,,,,,0,,0
"2020-04-01","IL","A",141,,42,,,,,0,,,33404,4173,,,,,,6980,,986,0,,,,,,,,0,40384,5159,,,,,,0,,0
"2020-03-31","IL","A",99,,26,,,,,0,,,29231,3842,,,,,,5994,,937,0,,,,,,,,0,35225,4779,,,,,,0,,0
"2020-03-30","IL","A",73,,8,,,,,0,,,25389,2223,,,,,,5057,,461,0,,,,,,,,0,30446,2684,,,,,,0,,0
"2020-03-29","IL","A",65,,18,,,,,0,,,23166,1166,,,,,,4596,,1105,0,,,,,,,,0,27762,2271,,,,,,0,,0
"2020-03-28","IL","A",47,,13,,,,,0,,,22000,3484,,,,,,3491,,465,0,,,,,,,,0,25491,3949,,,,,,0,,0
"2020-03-27","IL","A",34,,8,,,,,0,,,18516,4423,,,,,,3026,,488,0,,,,,,,,0,21542,4911,,,,,,0,,0
"2020-03-26","IL","A",26,,7,,,,,0,,,14093,1749,,,,,,2538,,673,0,,,,,,,,0,16631,2422,,,,,,0,,0
"2020-03-25","IL","A",19,,3,,,,,0,,,12344,2410,,,,,,1865,,330,0,,,,,,,,0,14209,2740,,,,,,0,,0
"2020-03-24","IL","A",16,,4,,,,,0,,,9934,1351,,,,,,1535,,262,0,,,,,,,,0,11469,1613,,,,,,0,,0
"2020-03-23","IL","A",12,,3,,,,,0,,,8583,1312,,,,,,1273,,224,0,,,,,,,,0,9856,1536,,,,,,0,,0
"2020-03-22","IL",,9,,3,,,,,0,,,7271,1783,,,,,,1049,,296,0,,,,,,,,0,8320,2079,,,,,,0,,0
"2020-03-21","IL",,6,,1,,,,,0,,,5488,1792,,,,,,753,,168,0,,,,,,,,0,6241,1960,,,,,,0,,0
"2020-03-20","IL",,5,,1,,,,,0,,,3696,971,,,,,,585,,163,0,,,,,,,,0,4281,1134,,,,,,0,,0
"2020-03-19","IL",,4,,3,,,,,0,,,2725,962,,,,,,422,,134,0,,,,,,,,0,3147,1096,,,,,,0,,0
"2020-03-18","IL",,1,,0,,,,,0,,,1763,423,,,,,,288,,129,0,,,,,,,,0,2051,552,,,,,,0,,0
"2020-03-17","IL",,1,,1,,,,,0,,,1340,408,,,,,,159,,66,0,,,,,,,,0,1499,474,,,,,,0,,0
"2020-03-16","IL",,,,0,,,,,0,,,932,483,,,,,,93,,29,0,,,,,,,,0,1025,512,,,,,,0,,0
"2020-03-15","IL",,,,0,,,,,0,,,449,133,,,,,,64,,18,0,,,,,,,,0,513,151,,,,,,0,,0
"2020-03-14","IL",,,,0,,,,,0,,,316,22,,,,,,46,,14,0,,,,,,,,0,362,36,,,,,,0,,0
"2020-03-13","IL",,,,0,,,,,0,,,294,28,,,,,,32,,7,0,,,,,,,,0,326,35,,,,,,0,,0
"2020-03-12","IL",,,,0,,,,,0,,,266,22,,,,,,25,,6,0,,,,,,,,0,291,28,,,,,,0,,0
"2020-03-11","IL",,,,0,,,,,0,,,244,0,,,,,,19,,0,0,,,,,,,,0,263,0,,,,,,0,,0
"2020-03-10","IL",,,,0,,,,,0,,,244,53,,,,,,19,,12,0,,,,,,,,0,263,65,,,,,,0,,0
"2020-03-09","IL",,,,0,,,,,0,,,191,0,,,,,,7,,1,0,,,,,,,,0,198,1,,,,,,0,,0
"2020-03-08","IL",,,,0,,,,,0,,,191,0,,,,,,6,,0,0,,,,,,,,0,197,0,,,,,,0,,0
"2020-03-07","IL",,,,0,,,,,0,,,191,11,,,,,,6,,1,0,,,,,,,,0,197,12,,,,,,0,,0
"2020-03-06","IL",,,,0,,,,,0,,,180,15,,,,,,5,,0,0,,,,,,,,0,185,15,,,,,,0,,0
"2020-03-05","IL",,,,0,,,,,0,,,165,41,,,,,,5,,1,0,,,,,,,,0,170,42,,,,,,0,,0
"2020-03-04","IL",,,,0,,,,,0,,,124,0,,,,,,4,,0,0,,,,,,,,0,128,0,,,,,,0,,0